first_name,last_name,job_title,department,email,address,phone_number,salary,password
Nathan,Hernandez,"Engineer, water",Environmental education officer,ruizjessica@example.org,New Stephanieburgh,868-584-0679x375,91305,uYBd64wq
Heather,Hill,Agricultural consultant,Multimedia specialist,kevinbrown@example.net,Hughesland,(399)212-2122x4699,93754,hEWEriL9
Edgar,Butler,"Teacher, adult education",Chartered certified accountant,higginsfrank@example.net,East Michaeltown,760.567.5602x165,2501,CyFpZluy
Todd,Wheeler,Web designer,Telecommunications researcher,nlong@example.net,Lake Nicole,7355880960,18924,4Lakm6FL
Nancy,Chan,Engineering geologist,Training and development officer,valenciajose@example.com,New Dylan,582.570.6593x221,66013,xBhRsZ9L
Peggy,Ramsey,"Administrator, sports",Chemical engineer,hollandjason@example.org,South Sheila,978.348.8121x560,7848,grawi7oL
Frank,Alvarez,Minerals surveyor,Forest/woodland manager,douglascarpenter@example.net,Simsville,(594)536-0584,64336,unhxan3J
Richard,Smith,Legal secretary,Social researcher,thomasgwendolyn@example.net,New Alexport,566.473.2168,36135,bM94mQnM
Teresa,Goodman,"Designer, blown glass/stained glass","Buyer, retail",xcooper@example.net,West Brianville,(436)829-9983x13146,17984,cjtpNawL
Joseph,Moore,"Engineer, electrical",Publishing rights manager,cunninghamalexander@example.org,Huffmanfort,001-557-980-3573x537,61984,PE6qqC5o
Natasha,Ross,"Teacher, early years/pre",Personnel officer,williamrodriguez@example.net,Alishashire,(946)751-6623x090,99582,AjmeJH0b
Rachel,Mclean,Magazine features editor,Building services engineer,oliviatorres@example.org,Port Erin,(768)267-5875,35527,7AL6bphJ
Ashley,Blevins,"Designer, multimedia",Naval architect,obrienemily@example.net,Port Marvin,001-244-675-2597x7113,19644,52fJMxoH
Alyssa,Watson,"Accountant, chartered certified",Chartered accountant,lauracantrell@example.org,South Savannah,(722)616-4735,55701,gc4UQiuz
Steven,Garcia,Retail merchandiser,Ship broker,kelly31@example.net,Cervantesfurt,+1-320-801-2835,61432,U4pTtElA
Cynthia,Brown,"Investment banker, operational",Warehouse manager,qlopez@example.net,Charleschester,(770)320-7341x42246,74916,gipOjUEP
Stacey,Silva,Higher education lecturer,Advertising account executive,mmayo@example.org,Lake Savannah,001-638-860-7030x5394,78904,IROIhbAA
James,Johnson,Location manager,"Psychotherapist, child",vlevine@example.org,South Michael,703.455.6487x73831,12682,lpk8ap1u
Paul,Bradley,Catering manager,"Scientist, forensic",phillip37@example.com,Lake Angelaside,865-271-2607x177,82229,Hd7lniLi
Dylan,Smith,"Accountant, chartered public finance",Local government officer,scott04@example.net,North Edwin,984-256-4744x05418,99701,lW8r2JGb
Bethany,Ramirez,Clinical psychologist,"Surveyor, building",jjones@example.com,New Kelly,281.453.0768,54962,56cmZ8Pz
Matthew,Miller,Estate agent,"Research officer, political party",griffinjessica@example.org,Biancafort,001-941-665-4451,17489,EzJs7dBd
Erin,Guzman,Mental health nurse,Paramedic,kiarabutler@example.net,Robertchester,215-480-0664x238,56490,lHcevVoW
Olivia,Santiago,Corporate treasurer,Purchasing manager,carolyn69@example.net,Williamston,(687)542-5846x840,65246,I23Yl6LA
Janet,Harris,Phytotherapist,Corporate treasurer,schmidtjanet@example.com,Port Charlesborough,2759824849,52221,FDq5DD1u
Amber,Mitchell,Armed forces training and education officer,Social worker,omata@example.com,Prestonmouth,986-303-9832x386,27941,5V3LkzTL
Rose,York,Public relations officer,Advertising copywriter,teresarivera@example.com,South David,722-726-6465x725,30557,H39bakdM
Taylor,Weaver,Recruitment consultant,Paramedic,haleyhunter@example.net,Carolyntown,223.819.8069,47737,MbGNnNOW
Joseph,Hansen,Petroleum engineer,Broadcast presenter,justin15@example.net,Connieport,287-363-2131x7985,22506,EZg3bbXM
Amy,Daniels,"Designer, ceramics/pottery","Engineer, electrical",kaustin@example.org,Buchananville,229.927.2332x6174,55665,VQaGqDAq
Mercedes,Martin,Emergency planning/management officer,Chartered accountant,wsingh@example.com,Haleyport,662.800.2494x16536,71368,qhnkzQQ5
Thomas,Tran,Freight forwarder,Secretary/administrator,pamela60@example.org,Garciamouth,698.577.7289,66603,CfWznTYF
Victor,Murray,Toxicologist,International aid/development worker,casey28@example.org,Port Kevin,9314678234,31036,CVl9yhMV
Sheryl,Fisher,"Engineer, technical sales","Engineer, electronics",ecamacho@example.org,North Danielle,438-451-4649x7973,7085,sZC91XLz
Michael,Chavez,Probation officer,Leisure centre manager,ttodd@example.net,Garciamouth,(843)407-4873x3397,25928,85p0gYGR
Peter,Sosa,"Designer, interior/spatial",Artist,mark70@example.com,Georgeview,904.880.0976,57590,xLCCZ8rV
Gina,Gibson,Risk manager,Information officer,erin64@example.net,Port Emilyshire,(611)393-7968,78798,LQTPLQGy
Amanda,Carter,Scientific laboratory technician,"Librarian, public",jaredbates@example.net,Stephaniebury,001-769-361-3800x931,95814,ODYmAEn9
William,Le,Data scientist,Ergonomist,sherrymcmahon@example.com,New Kylechester,969-877-7377x676,12432,hLK0zazO
Albert,Ramos,Arts development officer,Civil Service fast streamer,uwebb@example.org,East Juliebury,406-854-9114,157,Bm5Q88UZ
Jacob,Lee,Orthoptist,Training and development officer,bestmiranda@example.org,South Kylechester,551-752-2163x781,90201,Fx4rGtik
Pamela,Lee,Cytogeneticist,Public relations account executive,arthur69@example.com,Churchchester,865-359-5841x82629,92596,Fqz62Da3
Nicholas,Martin,Cytogeneticist,Probation officer,kthompson@example.org,Rileyhaven,+1-488-287-9822x104,14103,UxZNkgdv
Cody,Arnold,Child psychotherapist,Television camera operator,victoriawyatt@example.com,Greenefurt,(879)371-3940x82679,61631,wbKxYL0a
Kiara,Sanders,Nutritional therapist,Pensions consultant,stephanie02@example.com,Perezton,261-970-4467x245,98133,G5TdAzDO
Megan,James,Civil Service fast streamer,Charity fundraiser,belindayork@example.com,Gregoryside,001-586-304-5214,18619,X4BuSgna
Crystal,Jones,"Administrator, sports",Associate Professor,foleystephanie@example.net,Tanyatown,3434325722,43728,RwoWAubm
Tina,Lin,Waste management officer,Energy manager,nashsara@example.com,South Sherryview,779-318-8840x5922,6561,2h7YpAqm
George,Mullins,Building surveyor,"Conservator, furniture",williamslori@example.org,Mayerfort,955.574.0525x83115,77974,cmkjFNLS
Randall,Castro,Occupational therapist,Product/process development scientist,tracie71@example.org,Williamschester,410.824.7911,72385,8K4bUUWv
Wyatt,Thornton,Engineering geologist,"Producer, television/film/video",selenabass@example.com,Hoffmanfurt,001-819-999-9196,7275,hBgcrIPv
Sean,Martin,Jewellery designer,Dramatherapist,bonnie79@example.net,Judymouth,219.962.3648x2760,87996,sSNMomMQ
William,Jackson,Food technologist,"Therapist, nutritional",tcollier@example.com,West Emilyshire,586-969-4112,2998,ZCIbqm17
Joshua,Martinez,Tax inspector,Police officer,rebeccaunderwood@example.net,Smithhaven,+1-546-360-0475x82657,69854,UMpSnk4S
Daniel,Fisher,Print production planner,Warehouse manager,madelineburns@example.org,Youngtown,(495)979-8418,65425,m6bEDO9K
Aaron,Meadows,Operational researcher,IT trainer,nlee@example.net,Thomasview,392.225.7256x60854,29187,Ljf9aamO
Pamela,Simon,"Buyer, retail",Lawyer,kylethomas@example.org,Williamsland,(724)827-6114,38022,99trVEG8
Sharon,Young,Chief Executive Officer,"Engineer, automotive",billy62@example.net,Webbside,+1-679-581-6328x008,72185,n8OkWClJ
Annette,Rosales,Automotive engineer,Adult guidance worker,hillalexander@example.net,Lake Feliciaville,001-564-495-7778x0849,49932,EIPGOxnC
Leslie,Castaneda,Sports development officer,Actor,gfloyd@example.com,South Austinbury,001-593-411-4432x611,87714,PFheyOk5
Kevin,Smith,"Surveyor, planning and development",Further education lecturer,bstone@example.net,Josephview,001-420-460-7532x8481,4374,SEqxLc3j
Michelle,Williams,Community development worker,Systems analyst,timothy95@example.org,West Gregory,(693)672-3487x3038,43269,emi15xHH
Samantha,Velasquez,"Psychologist, counselling","Engineer, water",maciasrebecca@example.org,South Jenniferland,4759124010,62867,umAGwcoC
Gregory,Lloyd,Advertising account planner,Marketing executive,zstevens@example.org,New Mark,+1-771-528-2444x78195,86193,1nrUmOd9
Leroy,Gordon,Ophthalmologist,Sports development officer,fwilson@example.net,East Todd,(665)392-8804x6635,83493,FZLE5XZo
Raymond,Watson,Call centre manager,"Engineer, energy",david30@example.com,Cookborough,(320)815-7313x960,15517,oQxlc04N
Ralph,Alvarez,"Chemist, analytical",Photographer,ronaldreed@example.org,Toddmouth,747.398.7119,79919,uJMVPOyd
Deborah,Nelson,Community arts worker,Secretary/administrator,matthewcooke@example.com,West Francesfort,(574)974-8367,69171,OUISNWru
Pamela,Murray,Furniture designer,Secretary/administrator,halljohn@example.org,Paulfurt,(938)522-5244,90738,JxmsMN0I
Isaac,Kennedy,Paramedic,Production manager,everettdalton@example.net,Jenniferfurt,496.647.2498,42747,jGl2EMPc
Christina,Myers,Public relations account executive,Forest/woodland manager,amandacampbell@example.org,Port Tara,(630)994-2351,83256,HcNqN2JO
Ronald,Thomas,"Administrator, education",Government social research officer,hhahn@example.org,Danieltown,(468)702-5722x542,39169,9XO88CMt
Linda,Hanson,"Engineer, technical sales",Forensic scientist,cynthia35@example.net,North Stephanie,(844)330-0292,15853,WLCn1csa
Natalie,White,Museum/gallery exhibitions officer,Midwife,burnsmarcus@example.com,Port Donnahaven,(316)910-7165,58153,wR0iDH65
Kenneth,Clark,Systems analyst,Microbiologist,steven99@example.com,South Kimberlyborough,(786)660-1400,18481,vidshrAL
Elizabeth,Rios,Race relations officer,Stage manager,nicholas49@example.com,North Christophermouth,(565)202-6157x83415,58549,cH13C1AN
Robert,Price,Chief Financial Officer,Veterinary surgeon,pbray@example.net,North Danielhaven,(559)516-9744x0687,32563,6hSEXinM
Jason,King,"Conservation officer, nature",Dealer,shannonthompson@example.org,Elizabethchester,(564)941-5379x54552,23759,2PxswOJd
Rachel,Williams,Jewellery designer,Chartered public finance accountant,hutchinsonleslie@example.com,West Laura,903-574-7036x9841,19607,15eETupf
Jason,Mejia,Housing manager/officer,"Surveyor, quantity",diamondjohnston@example.org,East Anna,(891)714-1129x736,43359,KKj85EjZ
Cheryl,Short,Secretary/administrator,Risk manager,robinsonjames@example.org,Port Jodymouth,+1-400-871-1165x684,36525,TATgxGZE
Jose,Haynes,Aeronautical engineer,Production manager,natkinson@example.com,East Thomas,001-995-403-9455x7955,80478,lDCWzlNt
Denise,Arnold,Technical brewer,Museum/gallery conservator,dlewis@example.org,Crossmouth,001-673-586-5037x868,15190,jwQaQst1
Emily,Chapman,"Research officer, political party","Teacher, primary school",cgray@example.com,Davidhaven,858-503-8519x5592,43990,1rR9E0lr
Walter,Taylor,Clinical biochemist,Maintenance engineer,grantshannon@example.net,South Virginia,769-644-5025x48688,69071,nBmm09z2
Gabriela,Powell,Sub,Veterinary surgeon,antonio08@example.net,New Paul,001-402-952-3427x9188,29484,GOM0CeL8
Donald,Flores,Clinical cytogeneticist,Prison officer,solisariel@example.net,Joneston,552.990.7435x8471,23858,LzE8y5fj
Tanner,Jensen,"Exhibitions officer, museum/gallery","Surveyor, minerals",lpalmer@example.net,Paulfurt,(911)658-6741x913,85387,hNj3Wy16
Kristina,Gibson,Garment/textile technologist,Quantity surveyor,jennyunderwood@example.net,North Kendrahaven,+1-575-659-9818,37193,71DD2qEW
Eric,Williams,Visual merchandiser,Health visitor,gregoryrivera@example.net,Jenniferton,897.918.2104,50803,t6wrmocA
William,Warren,Aeronautical engineer,"Engineer, broadcasting (operations)",vaughnteresa@example.com,Francesside,888-805-8718,11327,wpbzE9Kw
Michelle,Howard,"Psychologist, occupational","Designer, blown glass/stained glass",morgan70@example.org,Gabrielstad,001-707-863-1096x31778,24595,PBg67Xx1
Emma,Larsen,Retail manager,Technical brewer,omorgan@example.com,Escobarchester,+1-733-201-5575x98527,11587,mSfDUXvS
Cynthia,Jones,Clinical research associate,Art gallery manager,morganday@example.com,Harriston,(351)644-4388,67950,gS7zGttP
Shawn,Williams,English as a second language teacher,"Scientist, biomedical",peter86@example.net,Hannahton,(239)261-4372,89633,KXZLSlCg
Connie,Cannon,"Scientist, research (medical)",Proofreader,joan41@example.com,Travisport,487-473-9931x629,9184,QiXcV0JI
Amy,Shelton,Waste management officer,Information officer,gwilliamson@example.org,New Scottburgh,601.518.0973x343,92872,7f6QeuVA
Jill,Walker,Equality and diversity officer,"Psychologist, prison and probation services",jenniferbrooks@example.com,Margaretborough,001-207-234-9536x9332,90314,MBjGYoBD
Nancy,Hopkins,Seismic interpreter,Hydrographic surveyor,erichmond@example.org,Michaelmouth,313-245-2725,33659,UCWaCupl
Charles,Juarez,Industrial/product designer,Engineering geologist,kristin76@example.net,Lake Jaredville,943-452-1359x91949,38920,rDGLIdnZ
